word	x_noup	y_noup	x_uptest	y_uptest	x_nouptest	y_nouptest
and	28.472896791	-230.455485646	-127.892860965	10.9603754024	25.2856679399	117.537945824
the	185.343856615	139.885994763	54.4544669488	-116.238654259	-114.433680962	-36.8709421243
,	-213.816753406	90.5694908827	73.4383940157	105.278278857	89.1480130221	-80.6670036996
