word	x_noup	y_noup	x_uptest1	y_uptest1	x_uptest2	y_uptest2
and	-143.820219073	-541.748910799	-82.3070561558	121.028189623	-161.567099626	177.375954585
the	541.078428761	146.322492105	145.967014866	10.7659067301	234.395632504	51.2332353989
,	-397.258209688	395.426418695	-63.6599587097	-131.794096353	-72.8285328785	-228.609189984
